city,latitude,longitude,country,population
Tokyo,35.685,139.7514,Japan,35676000.0
New York,40.6943,-73.9249,United States,19354922.0
Mexico City,19.4424,-99.131,Mexico,19028000.0
Mumbai,19.017,72.857,India,18978000.0
São Paulo,-23.5587,-46.625,Brazil,18845000.0
Delhi,28.67,77.23,India,15926000.0
Shanghai,31.2165,121.4365,China,14987000.0
Kolkata,22.495,88.3247,India,14787000.0
Los Angeles,34.1139,-118.4068,United States,12815475.0
Dhaka,23.7231,90.4086,Bangladesh,12797394.0
Buenos Aires,-34.6025,-58.3975,Argentina,12795000.0
Karachi,24.87,66.99,Pakistan,12130000.0
Cairo,30.05,31.25,Egypt,11893000.0
Rio de Janeiro,-22.925,-43.225,Brazil,11748000.0
Ōsaka,34.75,135.4601,Japan,11294000.0
